{"nodes":[
{"weight":242,"rank":19.0, "id":1, "url":"http://www.si.umich.edu"},
{"weight":168,"rank":18.806122449, "id":2, "url":"http://www.si.umich.edu/aboutsi/faq"},
{"weight":118,"rank":18.1857142857, "id":3, "url":"http://www.si.umich.edu/peoplehome"},
{"weight":119,"rank":17.2551020408, "id":7, "url":"http://www.si.umich.edu/Research"},
{"weight":119,"rank":18.3831168831, "id":9, "url":"http://www.si.umich.edu/newsandevents"},
{"weight":118,"rank":17.9444444444, "id":10, "url":"http://www.si.umich.edu/Giving"},
{"weight":5,"rank":0.234634257196, "id":14, "url":"http://www.si.umich.edu/newsandevents/press/emily-puckett-rodgers-2013-lj-mover-shaker"},
{"weight":11,"rank":0.26413765184, "id":15, "url":"http://www.si.umich.edu/newsandevents/press/umsi-assistant-professor-eytan-adar-leads-research-photo-editing-app"},
{"weight":1,"rank":0.0, "id":17, "url":"http://www.si.umich.edu/quicklinks/prospective-students"},
{"weight":12,"rank":3.17361282605, "id":20, "url":"http://www.si.umich.edu/aboutsi/open-faculty-positions"},
{"weight":1,"rank":0.0, "id":21, "url":"http://www.si.umich.edu/quicklinks/faculty"},
{"weight":1,"rank":0.0, "id":22, "url":"http://www.si.umich.edu/quicklinks/staff"},
{"weight":1,"rank":0.0, "id":24, "url":"http://www.si.umich.edu/quicklinks/media"},
{"weight":4,"rank":0.365946999559, "id":26, "url":"http://www.si.umich.edu/newsandevents/event/misc-lecture-adam-wierman"},
{"weight":4,"rank":0.365946999559, "id":27, "url":"http://www.si.umich.edu/newsandevents/event/misc-lecture-elijah-mayfield"},
{"weight":5,"rank":0.444502661923, "id":29, "url":"http://www.si.umich.edu/alumni/alumni-services"},
{"weight":11,"rank":1.99056950689, "id":34, "url":"http://www.si.umich.edu/aboutsi/administration"},
{"weight":11,"rank":1.93984659229, "id":37, "url":"http://www.si.umich.edu/aboutsi/getting-si"},
{"weight":11,"rank":1.93984659229, "id":38, "url":"http://www.si.umich.edu/aboutsi/history-and-mission"},
{"weight":11,"rank":1.93984659229, "id":39, "url":"http://www.si.umich.edu/aboutsi/umsi-staff-awards"},
{"weight":34,"rank":3.03422113756, "id":42, "url":"http://www.si.umich.edu/newsandevents/calendar"}],
"links":[
{"source":0,"target":0,"value":1},
{"source":0,"target":1,"value":1},
{"source":0,"target":2,"value":1},
{"source":0,"target":3,"value":1},
{"source":0,"target":4,"value":1},
{"source":0,"target":5,"value":1},
{"source":0,"target":6,"value":1},
{"source":0,"target":7,"value":1},
{"source":0,"target":8,"value":1},
{"source":0,"target":9,"value":1},
{"source":0,"target":10,"value":1},
{"source":0,"target":11,"value":1},
{"source":0,"target":12,"value":1},
{"source":0,"target":13,"value":1},
{"source":0,"target":14,"value":1},
{"source":0,"target":15,"value":1},
{"source":1,"target":0,"value":1},
{"source":1,"target":1,"value":1},
{"source":1,"target":2,"value":1},
{"source":1,"target":3,"value":1},
{"source":1,"target":4,"value":1},
{"source":1,"target":5,"value":1},
{"source":1,"target":9,"value":1},
{"source":1,"target":16,"value":1},
{"source":1,"target":17,"value":1},
{"source":1,"target":18,"value":1},
{"source":1,"target":19,"value":1},
{"source":2,"target":0,"value":1},
{"source":2,"target":1,"value":1},
{"source":2,"target":2,"value":1},
{"source":2,"target":3,"value":1},
{"source":2,"target":4,"value":1},
{"source":2,"target":5,"value":1},
{"source":3,"target":0,"value":1},
{"source":3,"target":1,"value":1},
{"source":3,"target":2,"value":1},
{"source":3,"target":3,"value":1},
{"source":3,"target":4,"value":1},
{"source":3,"target":5,"value":1},
{"source":4,"target":0,"value":1},
{"source":4,"target":1,"value":1},
{"source":4,"target":2,"value":1},
{"source":4,"target":3,"value":1},
{"source":4,"target":4,"value":1},
{"source":4,"target":5,"value":1},
{"source":4,"target":20,"value":1},
{"source":5,"target":0,"value":1},
{"source":5,"target":1,"value":1},
{"source":5,"target":2,"value":1},
{"source":5,"target":3,"value":1},
{"source":5,"target":4,"value":1},
{"source":5,"target":5,"value":1},
{"source":6,"target":0,"value":1},
{"source":6,"target":1,"value":1},
{"source":6,"target":2,"value":1},
{"source":6,"target":3,"value":1},
{"source":6,"target":4,"value":1},
{"source":6,"target":5,"value":1},
{"source":6,"target":20,"value":1},
{"source":7,"target":0,"value":1},
{"source":7,"target":1,"value":1},
{"source":7,"target":2,"value":1},
{"source":7,"target":3,"value":1},
{"source":7,"target":4,"value":1},
{"source":7,"target":5,"value":1},
{"source":7,"target":20,"value":1},
{"source":8,"target":0,"value":1},
{"source":8,"target":1,"value":1},
{"source":8,"target":2,"value":1},
{"source":8,"target":3,"value":1},
{"source":8,"target":4,"value":1},
{"source":8,"target":5,"value":1},
{"source":8,"target":9,"value":1},
{"source":8,"target":16,"value":1},
{"source":8,"target":17,"value":1},
{"source":8,"target":18,"value":1},
{"source":8,"target":19,"value":1},
{"source":8,"target":20,"value":1},
{"source":9,"target":0,"value":1},
{"source":9,"target":1,"value":1},
{"source":9,"target":2,"value":1},
{"source":9,"target":3,"value":1},
{"source":9,"target":4,"value":1},
{"source":9,"target":5,"value":1},
{"source":9,"target":9,"value":1},
{"source":9,"target":16,"value":1},
{"source":9,"target":17,"value":1},
{"source":9,"target":18,"value":1},
{"source":9,"target":19,"value":1},
{"source":10,"target":0,"value":1},
{"source":10,"target":1,"value":1},
{"source":10,"target":2,"value":1},
{"source":10,"target":3,"value":1},
{"source":10,"target":4,"value":1},
{"source":10,"target":5,"value":1},
{"source":10,"target":9,"value":1},
{"source":10,"target":16,"value":1},
{"source":10,"target":17,"value":1},
{"source":10,"target":18,"value":1},
{"source":10,"target":19,"value":1},
{"source":11,"target":0,"value":1},
{"source":11,"target":1,"value":1},
{"source":11,"target":2,"value":1},
{"source":11,"target":3,"value":1},
{"source":11,"target":4,"value":1},
{"source":11,"target":5,"value":1},
{"source":11,"target":9,"value":1},
{"source":11,"target":16,"value":1},
{"source":11,"target":17,"value":1},
{"source":11,"target":18,"value":1},
{"source":11,"target":19,"value":1},
{"source":12,"target":0,"value":1},
{"source":12,"target":1,"value":1},
{"source":12,"target":2,"value":1},
{"source":12,"target":3,"value":1},
{"source":12,"target":4,"value":1},
{"source":12,"target":5,"value":1},
{"source":12,"target":9,"value":1},
{"source":12,"target":16,"value":1},
{"source":12,"target":17,"value":1},
{"source":12,"target":18,"value":1},
{"source":12,"target":19,"value":1},
{"source":12,"target":20,"value":1},
{"source":13,"target":0,"value":1},
{"source":13,"target":1,"value":1},
{"source":13,"target":2,"value":1},
{"source":13,"target":3,"value":1},
{"source":13,"target":4,"value":1},
{"source":13,"target":5,"value":1},
{"source":13,"target":20,"value":1},
{"source":14,"target":0,"value":1},
{"source":14,"target":1,"value":1},
{"source":14,"target":2,"value":1},
{"source":14,"target":3,"value":1},
{"source":14,"target":4,"value":1},
{"source":14,"target":5,"value":1},
{"source":14,"target":20,"value":1},
{"source":15,"target":0,"value":1},
{"source":15,"target":1,"value":1},
{"source":15,"target":2,"value":1},
{"source":15,"target":3,"value":1},
{"source":15,"target":4,"value":1},
{"source":15,"target":5,"value":1},
{"source":15,"target":15,"value":1},
{"source":16,"target":0,"value":1},
{"source":16,"target":1,"value":1},
{"source":16,"target":2,"value":1},
{"source":16,"target":3,"value":1},
{"source":16,"target":4,"value":1},
{"source":16,"target":5,"value":1},
{"source":16,"target":9,"value":1},
{"source":16,"target":16,"value":1},
{"source":16,"target":17,"value":1},
{"source":16,"target":18,"value":1},
{"source":16,"target":19,"value":1},
{"source":17,"target":0,"value":1},
{"source":17,"target":1,"value":1},
{"source":17,"target":2,"value":1},
{"source":17,"target":3,"value":1},
{"source":17,"target":4,"value":1},
{"source":17,"target":5,"value":1},
{"source":17,"target":9,"value":1},
{"source":17,"target":16,"value":1},
{"source":17,"target":17,"value":1},
{"source":17,"target":18,"value":1},
{"source":17,"target":19,"value":1},
{"source":18,"target":0,"value":1},
{"source":18,"target":1,"value":1},
{"source":18,"target":2,"value":1},
{"source":18,"target":3,"value":1},
{"source":18,"target":4,"value":1},
{"source":18,"target":5,"value":1},
{"source":18,"target":9,"value":1},
{"source":18,"target":16,"value":1},
{"source":18,"target":17,"value":1},
{"source":18,"target":18,"value":1},
{"source":18,"target":19,"value":1},
{"source":19,"target":0,"value":1},
{"source":19,"target":1,"value":1},
{"source":19,"target":2,"value":1},
{"source":19,"target":3,"value":1},
{"source":19,"target":4,"value":1},
{"source":19,"target":5,"value":1},
{"source":19,"target":9,"value":1},
{"source":19,"target":16,"value":1},
{"source":19,"target":17,"value":1},
{"source":19,"target":18,"value":1},
{"source":19,"target":19,"value":1},
{"source":20,"target":0,"value":1},
{"source":20,"target":1,"value":1},
{"source":20,"target":2,"value":1},
{"source":20,"target":3,"value":1},
{"source":20,"target":4,"value":1},
{"source":20,"target":5,"value":1},
{"source":20,"target":13,"value":1},
{"source":20,"target":14,"value":1},
{"source":20,"target":20,"value":1}]}